the,wicked,and,of,to,in,gladiator,is,for,on
0.1043256815973595,0.0,0.048732698346186466,0.0501950823944616,0.14619809503855938,0.051313957171557456,0.0659219852637202,0.061274337191679996,0.0,0.06185455442798723
0.038351751114310544,0.12380686411977813,0.16123411422160489,0.0,0.0,0.0,0.14540371266701224,0.0,0.0,0.0
0.0686031737807846,0.11073215130578289,0.09613791318478004,0.0,0.09613791318478004,0.0,0.0,0.0,0.062492471100394006,0.0
0.09833884332107563,0.052909465057018754,0.13780836455326356,0.14194375538694898,0.045936121517754516,0.09673850421516715,0.0621389832398403,0.0,0.0,0.0
0.05351741462031339,0.0,0.07499729643823956,0.0,0.14999459287647912,0.0,0.0,0.0942982799305773,0.0,0.0
0.1312172471199452,0.14119821053219597,0.1838829257706515,0.0,0.061294308590217166,0.0,0.1658288026216144,0.0,0.07968620664421056,0.0
0.0,0.0,0.0,0.0,0.0,0.0,0.0,0.0,0.0,0.0
0.0772548753535583,0.12469683362019199,0.16239312462949831,0.0,0.05413104154316611,0.056998238178107945,0.07322446414867291,0.0,0.0,0.0
0.03097508424619534,0.14999033687941923,0.13022196187311372,0.044709899291542704,0.13022196187311372,0.0,0.11743641733974712,0.054578443032864105,0.056432070133461215,0.0550952556958786
0.051963154092590044,0.0,0.0,0.07500439281730065,0.0,0.07667628016744328,0.09850443992023275,0.0,0.094669261681478,0.0
0.1696948080111158,0.0,0.0,0.0,0.1189019678055337,0.06259996563543987,0.0,0.0,0.0,0.07545886528770164
0.10786795722003142,0.0,0.05038736905368261,0.0,0.0,0.05305627197658471,0.0,0.0,0.0,0.0
0.07046421480994271,0.11373605135107098,0.04937295312078846,0.0,0.0,0.05198812476739679,0.0,0.0,0.0,0.06266720538201545
0.0,0.0,0.0,0.0,0.0,0.0,0.14967840421354323,0.04637524680829395,0.04795027184572441,0.09362876399108418
0.2389121675073594,0.15425092935643422,0.0,0.0689698782665313,0.06696050912164507,0.0,0.0,0.0,0.0,0.0
0.04192020922716691,0.0,0.0,0.0,0.058745408022186925,0.0,0.15893287477905008,0.0,0.0,0.07456330474643272
0.04069304064604434,0.13136499918527883,0.0,0.05873694272114113,0.11405140005198734,0.0,0.0,0.0,0.0,0.0
0.10725239609828434,0.1154104870873041,0.0,0.0,0.05009982763530476,0.0,0.0,0.0,0.0,0.0
0.030185446080539777,0.09744445332233591,0.0,0.0,0.21150375666348675,0.0,0.0,0.0,0.0,0.0
0.08973664801585833,0.14484362075605656,0.04191785695906175,0.08635147879202187,0.04191785695906175,0.0882762986543752,0.0,0.05270565736820428,0.0,0.053204736301694366
0.08343689497472154,0.08978347375344918,0.11692533338354319,0.12043406054584133,0.0,0.12311859907471612,0.0,0.0,0.0,0.0
0.03049476400634453,0.049221495681450456,0.08546843573156847,0.13204979364766312,0.042734217865784234,0.044997750991485126,0.0,0.053732113426788894,0.0,0.054240912049218895
0.059265145632668666,0.0,0.0,0.0,0.0,0.08745102159498894,0.11234652859860825,0.10442584591660332,0.0,0.05270733610492811
0.029703072020416752,0.0,0.08324954085491396,0.0,0.0,0.04382953867682938,0.0,0.0,0.054114650023632964,0.05283273275096803
0.060471411081915484,0.09760670057326726,0.1694847322175259,0.0,0.04237118305438148,0.13384646118600746,0.0,0.0,0.05508503034439975,0.0
0.16716905260647455,0.0,0.0,0.0,0.133865392442276,0.0,0.09054159452872167,0.0,0.04350822111388528,0.0
0.05770305476405184,0.09313830598211412,0.0,0.0,0.08086289545625712,0.0,0.0,0.0,0.0,0.0
0.14004398734647372,0.15069635160872016,0.06541746275756508,0.0,0.0,0.0,0.0,0.0,0.08504654959549172,0.08303188922423545
0.06394739955502492,0.0,0.13442022886123497,0.0,0.0,0.04718005296140917,0.12122248711652635,0.0,0.05825140147899495,0.0
0.12458026923693434,0.0,0.06983284561561542,0.0,0.06983284561561542,0.036765865329598454,0.0,0.04390236406476965,0.0,0.04431808310005402
0.15735644461061563,0.0,0.0,0.1362783855985153,0.044102683235562684,0.0,0.11931768742589213,0.0,0.05733608243089177,0.16793355877211746
0.11301001026105159,0.09120453811132499,0.039591996830222395,0.08156016844939562,0.0,0.041689093742568295,0.0,0.0,0.0,0.050252610792263445
0.1423354837005089,0.04594864478914575,0.0,0.04108983266216256,0.0,0.04200574663555721,0.0,0.0,0.05186288395424685,0.10126861714720702
0.06160978271798303,0.09944414238973538,0.0,0.04446424033589501,0.0,0.1818214865218513,0.0,0.054278561272252154,0.0,0.0
0.027912646484156468,0.0,0.039115735272336846,0.08057906176125137,0.07823147054467369,0.0,0.21165147933199602,0.0,0.0,0.0
0.19251481153385855,0.0,0.03372287901935663,0.03473484433245074,0.06744575803871326,0.07101820454956584,0.09123562655907037,0.04240165495100251,0.13152517915520112,0.04280316351360944
0.03039286043507056,0.0,0.0,0.04386950874559207,0.0,0.044847383160326465,0.05761451064721546,0.0,0.0,0.0
0.07321823585952814,0.11818130743406903,0.0,0.05284214766883188,0.0,0.10804005384522442,0.0,0.0,0.0,0.0
0.0480725821582786,0.07759379264609446,0.03368355628027286,0.0,0.0,0.0,0.0,0.04235221227994819,0.0,0.21376626330700088
0.0,0.06269984205443396,0.10887229952722494,0.0,0.05443614976361247,0.0,0.0,0.0,0.0,0.0
0.11355625235665985,0.061096921248646026,0.10608898032947228,0.0,0.0,0.11170826934984907,0.0,0.06669579331367237,0.0,0.0
0.08196219657714546,0.0,0.05742937319595659,0.0,0.05742937319595659,0.18141382459261968,0.23305860881956258,0.07220915109026063,0.0,0.0
0.0,0.0,0.0,0.0,0.0,0.0,0.0,0.0,0.0,0.0
0.0,0.05216840132289764,0.0,0.0,0.09058545649528214,0.0,0.0,0.05694907109928719,0.058883210947870024,0.05748833164714309
0.13929684472889814,0.14989237802346744,0.1301369137648803,0.0,0.06506845688244015,0.0,0.0,0.0,0.08459282142847416,0.0
0.04251031944950136,0.0,0.0,0.06136003009166856,0.0,0.0,0.0,0.0,0.0,0.0
0.19242222185206584,0.0,0.0,0.0,0.10786131217980405,0.0,0.0,0.06781001911173226,0.0,0.0
0.05540551707468174,0.13414478722573095,0.0,0.0,0.03882160618038015,0.0,0.0,0.048812568729951517,0.0,0.1970991333505029
0.1469473725130063,0.09487490324626993,0.082370613269463,0.0,0.0,0.043366797498859494,0.0,0.05178458102508817,0.0,0.0
0.08694285516008694,0.14033416913489927,0.12183845441504221,0.08366307723180523,0.0,0.04276398560496481,0.0,0.0,0.1055981050447029,0.0
0.0829693544933282,0.0892803700778801,0.03875671323295252,0.0,0.0,0.12242870128912253,0.0,0.0,0.0,0.04919241719569487
0.0,0.06860750613994368,0.02978259878150543,0.0,0.05956519756301086,0.0,0.0,0.0,0.07743826059842164,0.03780191616419477
0.0,0.12211763580566244,0.10602281750126391,0.0,0.0,0.11163860202896905,0.0,0.0,0.0,0.0
0.0,0.0,0.0,0.0,0.0,0.0,0.0,0.0,0.0,0.0
0.03358288621728683,0.1084120466432148,0.094123592881243,0.048474039610680274,0.0,0.0,0.0,0.05917341911715642,0.0,0.059733742398917974
0.09156396803109709,0.09852872788437682,0.042771436190187834,0.0,0.042771436190187834,0.1351108220545139,0.0,0.053778910100000285,0.05560538296478887,0.0
0.0,0.0,0.0,0.0,0.0,0.0,0.0,0.0,0.0,0.0
0.14097823675363041,0.15170166415243408,0.0658538701104045,0.0,0.131707740220809,0.0,0.0,0.0,0.0,0.0
0.1601473536972638,0.05169866064066323,0.0897697965736519,0.046231816505817674,0.0,0.047262348002532394,0.0,0.056436283763803836,0.0,0.11394137728039049
0.0,0.0,0.08108270030097392,0.0,0.08108270030097392,0.0,0.0,0.05097489865387886,0.0,0.0
0.02493839487920583,0.0,0.0698954613827615,0.03599645168613129,0.03494773069138075,0.0,0.0,0.0,0.0,0.0
0.16179466255054714,0.1044608875458961,0.04534659364812666,0.04670736654692151,0.0,0.0,0.0,0.0,0.0,0.05755670094453871
0.20305045820785636,0.09364087412060233,0.0,0.12560831333364267,0.12194883943724895,0.0,0.0,0.05111102375062565,0.052846888196344165,0.0
0.1397768170037066,0.11280664433217821,0.0,0.0504389863951357,0.048969496445188894,0.20625319168256534,0.0,0.12314415327359302,0.06366322588092728,0.06215511321911224
0.13800620704699773,0.0742517843693197,0.0,0.09960011036026398,0.0,0.0,0.0,0.0,0.04190451855341196,0.08182369206207661
0.08771468678442249,0.0,0.0,0.042202896381171744,0.08194671352530476,0.12943086339019957,0.0,0.0,0.0,0.052005918243415855
0.08116420386484283,0.06550343378933099,0.056870234676049465,0.11715362424949961,0.0,0.0,0.0,0.14301223014394887,0.07393465032124887,0.0
0.0688235972611599,0.05554396805083107,0.0,0.0993410083398276,0.0,0.050777685822582685,0.0,0.0,0.0,0.0
0.03530276682866962,0.05698207681289449,0.09894394517088059,0.05095654097588146,0.0,0.10418477813020195,0.0669220207052166,0.0,0.06431647442009505,0.06279288701003095
0.09114187587495914,0.0,0.0,0.0,0.12772280446329826,0.0896586582244085,0.057591316982959856,0.053530999741734156,0.055349052920414726,0.0
0.0,0.04842675459625399,0.04204422179371293,0.0,0.04204422179371293,0.04427120741617784,0.0,0.0,0.0546599614728921,0.0
0.15443971080055652,0.0,0.17314081190086456,0.0,0.12985560892564843,0.0,0.1171060339158351,0.0544248977077473,0.05627331000630919,0.05494025642367284
0.13241478465868178,0.10686512854930572,0.0,0.04778236953082832,0.09278055496802194,0.09769492733937589,0.0,0.05832908091356137,0.06031008951560586,0.11776281802334196
0.08175840074931329,0.043988652921611485,0.07638210304458252,0.0393370989694551,0.0,0.08042788717464709,0.0,0.1920789488862624,0.04965061346740955,0.14542333311402744
0.09156261531574814,0.14779090841328507,0.0,0.06608142333204792,0.19246861938905763,0.0675544130010315,0.0,0.0,0.0,0.0
0.05839163622920236,0.0,0.08182784768031634,0.04214167997939673,0.0,0.08616208036502174,0.0,0.051443356315046894,0.0,0.0
0.0,0.1978023836431128,0.0,0.0,0.0,0.09041438381208407,0.0,0.0,0.0,0.0
0.0545055090915993,0.0,0.0,0.03933703299966001,0.038190987474460855,0.04021387614702703,0.0,0.0,0.14895159060438776,0.04847436307787534
0.09116802710455599,0.0,0.04258648393834915,0.08772886143059755,0.12775945181504744,0.04484219193806811,0.11521568318152445,0.053546359327559606,0.0,0.054053399012479596
0.12322061162765795,0.09944498671697519,0.043169185222715345,0.0889292357161478,0.0,0.09091151513561914,0.0,0.0,0.0,0.0
0.0526949488202534,0.08505473907752568,0.07384472373167238,0.11409101438759985,0.0,0.23326832616538593,0.0,0.0,0.0,0.0
0.12096551788522598,0.13016668948923601,0.0,0.0,0.11301102476650667,0.0,0.0,0.0,0.0,0.0
0.09942607807550251,0.08024164855971194,0.034832993634046495,0.0,0.034832993634046495,0.0,0.0,0.0,0.0905698813674885,0.0
0.06081767183579909,0.09816559888769238,0.21306900733680698,0.08778513599228267,0.0,0.13461286924108226,0.0,0.053580707179017556,0.055400448552665404,0.0
0.1322737992002804,0.10675134647297274,0.09268176910278325,0.0477314944016713,0.046340884551391626,0.04879545450715395,0.0,0.0,0.180737627393373,0.0
0.0405243506874655,0.06541021769972281,0.0,0.05849345311512074,0.056789304248666836,0.05979730293852433,0.0,0.0714043567358921,0.07382943600513132,0.07208049686933805
0.0,0.18834183776116983,0.0,0.0,0.0,0.0,0.0,0.0,0.14172272719339019,0.0
0.08934228177491713,0.0,0.06260046041348691,0.0644789920325046,0.06260046041348691,0.13183252533065692,0.0,0.07871104720041794,0.0,0.0
0.08747296511238228,0.0,0.12258133060813217,0.0,0.18387199591219827,0.0,0.0,0.07706416882285433,0.0,0.0
0.0,0.0,0.0,0.0,0.0,0.0,0.13082098826009472,0.0405326048880863,0.04190919847894984,0.08183283018844828
0.09956417218586812,0.0,0.0,0.0359281033434377,0.03488137361000825,0.0,0.0,0.0,0.09069567499663944,0.0442735964907236
0.0,0.0841205635250371,0.1460673406568675,0.0,0.07303367032843375,0.0,0.0,0.0,0.0949480674410541,0.0
0.0,0.0950230170065175,0.16499841196621587,0.0,0.0,0.08686899897132364,0.0,0.0,0.0,0.0
0.06837817985062827,0.11036898936233457,0.04791130756733479,0.0,0.09582261513466958,0.0,0.0,0.0,0.0,0.060811994455703164
0.030339464175035052,0.09794165349555169,0.0425165865103057,0.0,0.0425165865103057,0.08953718440839716,0.0,0.10691694679268957,0.11054812678015628,0.0
0.15847006800735114,0.0,0.0,0.09149522532391967,0.0,0.0,0.18024316151445438,0.0,0.05774185419975829,0.05637401240050348
0.11873482651332327,0.0,0.0,0.0,0.05546350999164732,0.058401284412324256,0.0,0.0,0.1442116509692727,0.0
0.03129807639243855,0.0,0.0,0.04517611098012809,0.0,0.04618311024562836,0.0,0.0,0.0,0.0
0.1436369829910675,0.07728132318628493,0.0,0.0691092556093206,0.0,0.0,0.0,0.0,0.0,0.17032434288965587
0.029674608008037732,0.047897684652108675,0.0,0.0,0.041584882028711335,0.0,0.0,0.05228698943371541,0.05406279275893319,0.0
0.1224090385754684,0.0,0.042884858218093735,0.13251527607441438,0.0,0.04515637041641018,0.0,0.10784304387193845,0.05575283827281983,0.05443211410014552
0.13207434530825846,0.0,0.12338935400428444,0.0,0.0,0.0,0.0,0.07757215524382864,0.24062012739100438,0.0
0.1070766252421867,0.04320800487131204,0.11253987316840329,0.0,0.0,0.11850085112941139,0.0,0.04716755122021865,0.048769484993924014,0.0
0.0,0.0,0.0,0.0,0.054243129250039684,0.0,0.22012826429253177,0.0,0.1410385174697007,0.0
0.0812547535540382,0.0,0.0,0.117284325023471,0.0,0.0,0.15403133488462434,0.0,0.0,0.0
0.23996601731594383,0.04841604235137784,0.08406984279523004,0.12988895020809665,0.0,0.0,0.0,0.0,0.0,0.0
0.0,0.0,0.0,0.0447761827486095,0.0,0.0,0.0,0.0,0.05651573197920796,0.16553080705015205
0.09752229206635007,0.0,0.0,0.04692171103621227,0.0,0.14390286193418353,0.0,0.0,0.1184475621701257,0.05782083404775755
0.029506454852325743,0.0,0.12404771552033061,0.08518011537353454,0.041349238506776874,0.08707882492943475,0.2796709379958954,0.0,0.05375644231930631,0.10496602119604984
0.06965087493776256,0.11242324220790997,0.0,0.15080266994355482,0.0,0.0,0.0,0.0,0.0,0.0
0.041059896399300244,0.0,0.0,0.0,0.0,0.0,0.0,0.07234799423797435,0.1496102438244423,0.0
0.0,0.0,0.0,0.047296681465525986,0.0,0.0,0.0,0.11547237975989007,0.0,0.0
0.0491568394840295,0.0,0.06888655008665907,0.0,0.06888655008665907,0.0,0.09318462333897476,0.0,0.0,0.13115260409210316
0.10245257162191237,0.0,0.04785772967111952,0.04929385742174274,0.0,0.05039264342036943,0.0,0.0,0.0,0.06074399007650704
0.15881077809244348,0.0,0.0,0.15281989955732087,0.07418382151359065,0.0,0.20070075963721237,0.0,0.0,0.0
0.0,0.0,0.0,0.0,0.049583688289751675,0.0,0.20121942430961398,0.1246886685358826,0.12892342281416624,0.06293468349057264
0.122179635413443,0.0,0.0,0.0,0.0,0.0,0.0,0.0,0.07419780470146775,0.21732041793428525
0.17054357824611893,0.0,0.0,0.06154128708414963,0.059748342591401646,0.06291307472914943,0.0,0.0,0.0,0.0
0.08577192465047785,0.0,0.040065852113918665,0.0,0.040065852113918665,0.08437609609920001,0.0,0.0,0.0,0.15256217166628552
0.09264628712901357,0.0,0.04327700997897596,0.044575678248906694,0.04327700997897596,0.0911385871062901,0.0,0.0,0.056262658629265445,0.05492985736618034
0.1803261133879468,0.11642550845162672,0.0,0.05205708113740294,0.10108089919708645,0.053217460845441815,0.0,0.06354732357566212,0.0,0.06414906411092813
0.12156424051052314,0.0,0.042588891141971646,0.0,0.08517778228394329,0.0,0.0,0.1070987720776244,0.0,0.0
0.0674563718890693,0.0,0.0,0.0,0.1890616561022146,0.0,0.0,0.0,0.12289563699444583,0.059992186429663225
0.11750849529275952,0.0,0.0,0.0,0.041167998856102804,0.04334857296704763,0.0,0.0,0.05352082011248296,0.05225297002531762
0.03834232693148741,0.0,0.10746299608879795,0.0,0.05373149804439897,0.0,0.0,0.06755960660331951,0.0,0.0
0.12865567774386227,0.10383134765604475,0.0,0.09285176352538561,0.04507330964450538,0.0,0.0,0.0,0.058597953857069826,0.0
0.047878270041018786,0.0,0.0670948108515961,0.13821642031854486,0.0,0.0706486684979957,0.0,0.0,0.0,0.0
0.1596334649102035,0.04294397284103045,0.07456811565774986,0.15361155185175163,0.03728405782887493,0.0,0.0,0.0,0.0,0.09464646377221739
0.0,0.0,0.0,0.0,0.09374307207235451,0.04935421337927465,0.0,0.0,0.0,0.11898450425534324
0.03829859529603383,0.12363526686595404,0.0,0.0,0.10734042834328518,0.05651300184176029,0.0,0.0,0.0697744354327074,0.0
0.03233155193897602,0.10437249777094863,0.0906164470865661,0.0,0.0,0.09541619164625283,0.0,0.0,0.0,0.057507999234619085
0.16025968885942038,0.10346984920379623,0.0,0.046264245756030525,0.0,0.23647750058891234,0.0,0.0,0.0,0.057010650658916244
0.063600962636715,0.0,0.0,0.04590128975487735,0.0,0.09384890727307231,0.0,0.0,0.0,0.0
0.091188771761894,0.0,0.06389426129966595,0.06581161764708575,0.0,0.0,0.0,0.0,0.0,0.08109854773731194
0.10692696049153143,0.0,0.04994780988653791,0.05144665733195272,0.09989561977307582,0.052593430372432214,0.0,0.12560432928348816,0.06493509090140308,0.0
0.040966321899676424,0.0,0.0,0.0,0.0,0.06044947098115401,0.23297457581939016,0.0,0.0,0.0
0.1333075866248165,0.0,0.0,0.09620908090873452,0.0,0.0,0.0,0.17616708798810174,0.06071672814463876,0.05927841481332603
0.06826036341287929,0.0550894111238612,0.04782875580012176,0.049264014094954484,0.09565751160024352,0.0,0.0,0.1202755197151737,0.06218019594126371,0.0
0.21081726483466529,0.0,0.0492385672255022,0.10143226304901408,0.0492385672255022,0.0,0.0,0.12382078864494983,0.0,0.06249663449313734
0.06778198245171413,0.10940666915254908,0.0,0.0,0.09498712647402902,0.15002756378620657,0.0,0.059716303569858326,0.18523327767720288,0.0
0.0,0.0,0.038764910223152434,0.03992817817807765,0.0,0.0,0.10487659937591233,0.0487412817436267,0.0,0.0
0.0355739016361956,0.0,0.0,0.05134790100714296,0.04985193072951389,0.0,0.0,0.0,0.0,0.06327515338354475
0.10394081458442135,0.05592350602799783,0.048552918949994264,0.10001981625863707,0.048552918949994264,0.0,0.0,0.0,0.0,0.0
0.06550379477220131,0.05286472705326921,0.0,0.04727457791884342,0.09179455975617569,0.048328353115695825,0.0,0.0,0.11933832725722951,0.0
0.03696590637812148,0.059666544747585266,0.051802633935457344,0.0,0.0,0.054546500180529034,0.0,0.06513433827590978,0.0,0.0
0.11095311683078275,0.11939270098507415,0.0,0.0,0.05182851135305282,0.10914749653070464,0.0,0.06516687539503524,0.06738011343520316,0.0
0.02659441758077685,0.0,0.07453683751571973,0.0,0.03726841875785986,0.0,0.10082791372253438,0.0,0.0,0.0
0.0,0.0,0.0,0.0,0.0,0.0,0.0,0.0,0.0,0.0
0.0763357706044217,0.0,0.0,0.11018419155664488,0.10697408418321205,0.0,0.0,0.06725223851190906,0.0,0.0
0.0,0.0,0.0,0.056193327085374695,0.0,0.0,0.0,0.0,0.0,0.0
0.10896966633318413,0.17588757072237043,0.0,0.10485896274709038,0.05090200032236415,0.1607944862359215,0.0,0.0,0.06617559459572674,0.06460796664832087
0.0,0.0,0.10025097518415632,0.05162966683833992,0.05012548759207816,0.0,0.0,0.0,0.0,0.0
0.05198287146121034,0.0,0.03642342262183503,0.03751642658084777,0.0,0.11505806236181702,0.14781272600219716,0.0,0.04735259192068287,0.04623086045864685
0.2783719267729921,0.12837691076262098,0.11145713468300121,0.1722026559802116,0.055728567341500605,0.0,0.0,0.07007063311444092,0.0,0.07073414398955291
0.07681810636555436,0.08266123084698881,0.03588333713922821,0.0,0.03588333713922821,0.11335198466056233,0.0,0.0,0.04665044902418212,0.0
0.1390001580637665,0.0,0.04869740127222819,0.05015872611632095,0.09739480254445639,0.0,0.0,0.122459912427425,0.0,0.0
0.06944237946654244,0.11208671037135835,0.04865697226947346,0.0,0.04865697226947346,0.05123422005891868,0.0,0.1223582451513994,0.12651385213816463,0.0
0.12779441797900148,0.15470440412388978,0.0,0.04611509296027403,0.13431472609878678,0.09428604525558022,0.0,0.11258759308203774,0.0,0.05682685218139398
0.12158388250932707,0.0,0.042595772531970534,0.043873998043560423,0.0,0.04485197252710682,0.0,0.0,0.05537700987615245,0.21626075467968534
0.1438281357271486,0.0,0.0,0.12456220772554011,0.0,0.1273387648254615,0.0,0.0,0.0,0.10233060676982167
0.0,0.0,0.0,0.0,0.0,0.0,0.0,0.0,0.0,0.0
0.04639610930195419,0.07488780346577247,0.06501776641465208,0.0,0.06501776641465208,0.06846160779957847,0.08795121930288316,0.0,0.0,0.0825245699081214
0.0,0.09454323891976407,0.0,0.0,0.0,0.0,0.0,0.0,0.0,0.0
0.12367868614864941,0.09981467498628058,0.0,0.13388974727879002,0.08665933466694001,0.04562474004646418,0.0,0.054480805223093655,0.0,0.0
0.08255295274248946,0.0,0.03856220330400936,0.0,0.0,0.04060475442434998,0.0,0.09697281407726074,0.050133132615673114,0.04894553316515894
0.05101186672559652,0.1646761638958268,0.07148611564721227,0.0,0.14297223129442455,0.0,0.0,0.0,0.0,0.09073459876436127
0.03591985577141267,0.0,0.15101021361474382,0.0,0.0,0.05300295897734471,0.0,0.06329118546980361,0.0,0.0
0.06552121800110414,0.0,0.0,0.09457430478654483,0.09181897601529822,0.04834120788177099,0.0,0.11544911502722957,0.0596850349151556,0.0
0.022443546309926794,0.10867815709680433,0.0,0.03239534999441221,0.03145154353349592,0.0,0.0,0.0,0.04088885664809585,0.07984048810582926
0.0,0.0,0.1889951283077086,0.0,0.0,0.06633525503226918,0.0,0.0,0.0,0.0
0.04983855287365953,0.0,0.0,0.07193771168164756,0.0,0.1470824821938817,0.18895383942657198,0.08781608460643728,0.09079854920691707,0.0
0.06761572754667121,0.10913831767132799,0.09475414308934431,0.0,0.0,0.0498865259396695,0.0,0.0,0.06159297984003766,0.0
0.16549289583126064,0.10684860988954517,0.04638310671445912,0.1910999343155044,0.0,0.04883991308098348,0.0,0.0,0.0,0.058872307427507
0.1131184517330084,0.09129205561830589,0.0,0.12245764720444431,0.07925997656503989,0.12518729254385855,0.0,0.049828992592926655,0.05152131589738745,0.0
0.07044077727688261,0.07579881393869735,0.0,0.0,0.0,0.06929444357272539,0.0,0.08274495546678469,0.04277759560931432,0.0
0.05888297114441269,0.09504280503015794,0.04125819299579578,0.08499256011472751,0.04125819299579578,0.08688708896530002,0.0,0.051876225108344165,0.0,0.0
0.12719030139760165,0.0,0.044559928789816364,0.18358838094350705,0.0,0.04692016561950173,0.12055474327185767,0.0,0.0,0.05655821725809727
0.0,0.0,0.0,0.09236390319064171,0.0,0.0,0.0,0.11275082495068336,0.0,0.0
0.07756810624081337,0.0,0.16305154964512394,0.0,0.05435051654837465,0.1716880148070172,0.0,0.0,0.0,0.0
0.1100709284645904,0.0,0.0,0.05295934077707328,0.05141642279656401,0.0,0.0,0.0,0.0,0.0
0.06436939931316779,0.0,0.09020486053167248,0.04645587624353803,0.04510243026583624,0.04749140214960799,0.0,0.05670979884267681,0.058635812377744116,0.0
0.03544315626197204,0.0,0.0496687090687117,0.0,0.0,0.0,0.0,0.0,0.06457224342085548,0.0
0.03698463789857266,0.0,0.0,0.10676835760228585,0.10365776717051588,0.0,0.07011027535703472,0.0,0.06738059735896539,0.0
0.12260874904959264,0.0,0.0,0.0,0.08590964981802195,0.13569012924554535,0.11621221195436196,0.10801898991050968,0.11168759817323862,0.054520920151079594
0.1420251885046046,0.0,0.03980575384496895,0.041000255718001484,0.0796115076899379,0.0,0.053846275856478644,0.05004999242888235,0.0,0.0
0.0,0.10450937863131969,0.0,0.046729048259133106,0.0,0.047770663313053366,0.0,0.0,0.0,0.11516683790647629
0.07598568391325805,0.0,0.0266208714580821,0.02741971779929909,0.0,0.0,0.07202148682597652,0.10041571528451218,0.0,0.033788856320393884
0.03379251338923428,0.0545443818324842,0.18942224036985753,0.0,0.09471112018492876,0.0,0.12811818924510449,0.05954278452618448,0.0,0.0
0.1887164295339246,0.12184262084324027,0.05289202443329468,0.21791689067403025,0.05289202443329468,0.11138718636947562,0.0,0.0,0.13752548599576986,0.06713382831533016
0.04903299856768008,0.0,0.0,0.0,0.0,0.1447051473790892,0.0,0.0,0.0,0.08721479406319309
0.15207205608359423,0.0,0.04262161448189599,0.08780123093147636,0.04262161448189599,0.0,0.0,0.0,0.0,0.054097988870863103
0.0912508690681581,0.0,0.08525036228928808,0.13171286747361213,0.04262518114464404,0.0,0.0,0.0,0.05541524280251251,0.054102515899789524
0.09846410343562594,0.0,0.03449597484425285,0.0,0.0,0.0,0.0,0.0,0.0,0.13135327363115054
0.02267361928002153,0.0,0.09532187747870699,0.0,0.0,0.0,0.0,0.0,0.1239240477817331,0.04032947390408563
0.205952026846197,0.0,0.04123049163135074,0.04246774742285048,0.0,0.0,0.0,0.05184139463920787,0.10720412879255772,0.0
0.09846410343562594,0.0,0.03449597484425285,0.0,0.0,0.0,0.0,0.0,0.0,0.13135327363115054
0.09974038134771224,0.0,0.06988621367331693,0.0,0.06988621367331693,0.0,0.09453689420565649,0.17574366152469462,0.0,0.0
0.08880248841281124,0.07166789844649797,0.0,0.06408941913148881,0.0,0.0,0.0,0.0,0.0,0.0
0.0993859260289899,0.0,0.0,0.07172756510417966,0.0,0.07332641024177469,0.0,0.0,0.0,0.0
0.037416074264688,0.0,0.20973392927085763,0.054006920496578195,0.05243348231771441,0.05521076314907895,0.0,0.0,0.0,0.0
0.04970858560853668,0.0,0.0,0.07175011498978212,0.0,0.0,0.0,0.08758708083943328,0.0,0.17683291594076578
0.06729726458305083,0.0,0.047153930521729566,0.0485689384763188,0.0,0.0,0.0,0.0,0.0,0.0
0.07761417850906667,0.0,0.054382798522235765,0.05601473231121919,0.054382798522235765,0.057263330144693696,0.0,0.06837852298690608,0.07070083700438383,0.0
0.13798955718357697,0.0,0.1289155912942783,0.1327841253726393,0.0,0.0,0.0,0.0,0.0,0.0
0.15186994718915844,0.0,0.07094161486319826,0.0,0.07094161486319826,0.0,0.09596456277414883,0.08919884548913082,0.0,0.0
0.08663535979723082,0.0,0.0,0.06252538622387337,0.060703770976637046,0.0,0.0,0.0763262338811175,0.0,0.0
0.07370777223208717,0.0,0.0,0.0,0.0516456529440969,0.0543812042675017,0.0,0.0,0.06714238674739419,0.0
0.0,0.0,0.0,0.0,0.0,0.0,0.14303232040214522,0.04431607348478319,0.04582116359433402,0.08947142001142379
0.0759493558289997,0.0,0.0,0.0,0.053216288509187644,0.0,0.0,0.0,0.0,0.20263621299996856
0.0694380174243181,0.0,0.09730783173667319,0.0,0.0,0.1024620035345018,0.0,0.061175279592236675,0.0,0.06175455883509969
0.09850759850718399,0.10600052156500543,0.04601495057933413,0.09479155942890655,0.04601495057933413,0.09690451312610555,0.06224561735640181,0.0,0.0,0.05840502089360079
0.03200701997310942,0.0,0.0,0.09239882146863838,0.04485343662540859,0.047229219889349576,0.0,0.05639672526374699,0.0,0.0
0.07412313300370714,0.0,0.03462445896193737,0.03566347913082683,0.1038733768858121,0.0,0.14051221156924112,0.0,0.09002766668699455,0.08789500906298
0.06367682361461906,0.0,0.0,0.2297801959460886,0.04461715546941264,0.09396084692910596,0.0,0.05609963579987845,0.0,0.11326170579761119
0.028484302549696954,0.0,0.03991683262937891,0.041114667784744166,0.03991683262937891,0.0,0.0,0.0,0.05189423042117041,0.050664912476778276
0.034983216647829773,0.16939887583286234,0.0,0.0,0.0980483339082901,0.05162086420057919,0.0,0.0,0.0,0.06222450440996755
0.07705841650104685,0.0,0.0,0.16684090415754424,0.0,0.0,0.21911476384931552,0.0,0.0,0.06853174517461025
0.0,0.0,0.0,0.0,0.102142472885741,0.03585090816452494,0.09211384855045933,0.0,0.04426374100483726,0.0
0.054267956432303,0.08759372535619567,0.0,0.11749676841367031,0.07604907756710062,0.08007722210440722,0.0,0.0,0.0,0.0
0.09667917986431818,0.0,0.0,0.13954817236222827,0.06774128723454852,0.0,0.09163539656881733,0.08517489522787715,0.0,0.0
0.14851010868812206,0.14382579918158986,0.2081164930028349,0.17148936740115753,0.04162329860056699,0.08765597778131574,0.0,0.0,0.0,0.0
0.12089727421374034,0.0,0.08471045151480008,0.04362623287604364,0.0,0.13379605363122388,0.0,0.053255585530115675,0.0,0.0
0.07508431711737462,0.0,0.0,0.054188912449922015,0.0,0.05539681179874673,0.14233428924005254,0.13229940205749363,0.0,0.0
0.06344769974670185,0.0,0.13336983802338856,0.0,0.0,0.0,0.0,0.055897776397766816,0.05779621152043288,0.1128541641106026
0.042496948192619406,0.0,0.0,0.0,0.0,0.06270804693788347,0.0,0.07488009548469102,0.0,0.0
0.10695554196689804,0.0,0.09992232177772134,0.0,0.0,0.0,0.0,0.06281895160093029,0.0,0.0
0.13082808675221178,0.0,0.12222504735719104,0.0,0.0,0.06434951334753333,0.0,0.0,0.07944987556608182,0.0
0.03172264446208887,0.051203413381721324,0.0,0.09157787774770101,0.044454923456357084,0.046809598395301716,0.0,0.05589565244971313,0.0,0.0
0.05590747705452379,0.0,0.03917332011943559,0.08069768749891361,0.03917332011943559,0.1649929627616222,0.0,0.0,0.0,0.0
0.029178865737975145,0.0,0.0,0.08423442133149688,0.0,0.043056025434996384,0.11062638045048072,0.0,0.053159622897313547,0.0
0.0631112215553619,0.0,0.04422084871949645,0.0,0.0,0.09312625051716358,0.0,0.0,0.0,0.0
0.10674272596280782,0.11486204919007245,0.0,0.10271603008339578,0.049861750101681764,0.0525028121989231,0.0,0.0,0.0,0.0
0.0,0.09979960032054071,0.17329249361365606,0.0,0.08664624680682803,0.09123569899900076,0.11720862580972516,0.0,0.0,0.0
0.11550461915702172,0.0,0.04046595965239845,0.0,0.1618638386095938,0.0,0.05473935337907382,0.0,0.10521625570410517,0.0
0.023645703824897894,0.0,0.0,0.0682611242175192,0.0,0.0,0.0,0.12499197957833003,0.04307901169842956,0.04205851670933816
0.0,0.0,0.0,0.0,0.07033851798803946,0.03703209366644405,0.0,0.0,0.0,0.044638998423279494
0.12691831256967015,0.15364381503522873,0.0,0.0,0.04446464005576135,0.0,0.0,0.0,0.17341994276493172,0.05643727090406799
0.07024993258728565,0.17008526870782764,0.04922280958818257,0.050699901027726785,0.09844561917636514,0.05183002847757113,0.0,0.061890581367000784,0.1279850957346005,0.0
0.0,0.0,0.10559710067055003,0.0,0.0,0.11119033595793641,0.14284393744924487,0.0,0.0,0.0
0.12346519416890395,0.09964237664422948,0.043254872421357046,0.13365862914433788,0.043254872421357046,0.045545983420070324,0.0,0.0,0.0,0.0
0.040399896880828866,0.0,0.056614899354569946,0.058313814631591625,0.0,0.11922732043750156,0.0,0.0,0.0,0.0
0.0,0.0,0.0,0.0,0.0,0.0,0.0,0.0,0.0,0.0
0.19840811153352586,0.0,0.0,0.0,0.03972024022994555,0.041824129899897027,0.0,0.0,0.05163864873787481,0.10083077049182752
0.08079134731525146,0.06520252054006477,0.056608981088062914,0.058307718768135786,0.16982694326418873,0.0,0.0,0.0,0.07359500528930929,0.0
0.05364942380853939,0.04329767696767419,0.0,0.0,0.03759114458027807,0.0,0.0,0.0,0.0,0.04771300538159308
0.02960013904892901,0.04777748455649851,0.08296104804820036,0.04272528285555291,0.0,0.0,0.0,0.0,0.0,0.10529929259092288
0.12639202261749632,0.10200446860553739,0.08856051861738407,0.1368271000710052,0.04428025930869203,0.0,0.0,0.0,0.0,0.11240648691513354
0.10270936742312776,0.11052189558422068,0.0,0.04941741172019733,0.0,0.10103790361819273,0.0,0.060325016006300136,0.0,0.0
0.0689431545307163,0.11128091308702041,0.048307174724439364,0.0,0.048307174724439364,0.05086589454332572,0.0,0.0,0.0,0.06131445353238784
0.11295216711027455,0.09115785589408303,0.03957173202503456,0.0,0.07914346405006913,0.0,0.0,0.0,0.0,0.15068066834495947
0.05734492344196496,0.046280123711804004,0.0,0.0,0.0,0.0,0.0,0.0,0.05223702889318887,0.05099959042538705
0.12461419380823513,0.10056967486456596,0.0436574136650331,0.13490249157628978,0.0873148273300662,0.045969846346581036,0.0,0.10978579789794185,0.0,0.05541268924913249
0.05102646576019837,0.16472329240080283,0.0,0.0,0.03575328709321411,0.0,0.0,0.044954600163895464,0.1394441289435329,0.13614084901127121
0.14968718797251437,0.18120718875274816,0.0,0.2160607230731706,0.05244150193458752,0.11043841509318565,0.0,0.06593762261123615,0.0,0.0
0.03311577712215125,0.16035619232207032,0.0,0.0,0.04640720728444834,0.0,0.0,0.05835036769504057,0.0,0.11780579472268944
0.03707894422573382,0.0,0.05196104093299765,0.0,0.05196104093299765,0.10942659526400045,0.0,0.06533351222092418,0.0,0.0
0.03754534759279059,0.0,0.05261464110832585,0.0,0.05261464110832585,0.0,0.0,0.0,0.20520638507723682,0.0
0.0,0.12379599749327026,0.05373998752523884,0.0,0.05373998752523884,0.0,0.14539095046800457,0.0,0.0,0.06821011551065409
0.036478913930952074,0.0,0.05112018099592979,0.0526542092720233,0.0,0.0,0.0,0.0,0.0,0.0
0.20497445862702515,0.13233943280254518,0.11489740560138184,0.0,0.0,0.0,0.0,0.0,0.0,0.07291744628954396
0.1403617365487643,0.0,0.04917441752005974,0.0,0.0,0.05177907319302157,0.0,0.0,0.1917889059966123,0.0
0.024710049257957608,0.0,0.06925547141431386,0.03566685420550695,0.0,0.0,0.14052550918403006,0.0,0.0,0.04395166357916043
0.06895850292558585,0.055652843439693955,0.09663585811345174,0.04976786659550726,0.0,0.0,0.0,0.06075282465160636,0.06281614994918278,0.061328103595986345
0.09231515152775718,0.09933704971582608,0.0,0.04441635622450859,0.08624465928816036,0.0,0.0,0.10844021598524585,0.056061565095235945,0.05473352751951797
0.12184768662507575,0.1311159598800435,0.11383518354373764,0.0,0.0,0.11986477111290193,0.0,0.0,0.07399621733147096,0.0
0.03209741298986678,0.10361665199558587,0.0,0.046329885364953215,0.044980110006807794,0.0,0.0,0.0,0.05847678884583875,0.11418307448640042
0.14302405221303408,0.0,0.0,0.0,0.0,0.0,0.0,0.0,0.0868562969418357,0.0
0.09385210860617949,0.15148637180772978,0.06576041145137702,0.13546753547882995,0.0,0.06924358903397394,0.0,0.08268422972418087,0.0,0.0
0.0886247749568958,0.0,0.08279695579927801,0.127922324006113,0.0,0.0,0.0,0.05205261313512506,0.05382045642640521,0.0
0.13921518383180984,0.1498045056378444,0.13006062275381666,0.0,0.06503031137690833,0.06847481723960092,0.0,0.0,0.0,0.08254049275001217
0.10641394027407068,0.0,0.04970816745985816,0.0,0.1491245023795745,0.0,0.0,0.06250084886494273,0.0,0.0
0.08505258598638799,0.0,0.0,0.0,0.0595947510666823,0.0313756739075035,0.0,0.0,0.0,0.0
0.24065651157385712,0.0,0.09635628683456386,0.19849554492251067,0.04817814341728193,0.15219008623476019,0.06517182442527304,0.0,0.0,0.06115067901789682
0.06575427933123691,0.1061337603880455,0.0,0.03163690299727136,0.09214557941698093,0.0,0.0,0.0,0.15972623128544952,0.07797124519088713
0.03543515621306151,0.11439153214301637,0.0,0.0,0.049657498100395686,0.10457548287882981,0.0,0.24974855782324729,0.0,0.06302836746672696
0.09184526695226629,0.0,0.0,0.0,0.0,0.0,0.0,0.0,0.0,0.0
0.08017780998175912,0.08627648836030204,0.0,0.03857661619479653,0.07490544932126893,0.0,0.0,0.0,0.14607223535134412,0.0950746285190637
0.12607531668185526,0.0,0.04416930435548878,0.09098949767485251,0.13250791306646634,0.0,0.11949792766027531,0.05553652763846905,0.11484538761121665,0.0
0.10243317345536931,0.0,0.047848668383580935,0.09856904844125314,0.09569733676716187,0.0,0.1941784050000933,0.06016279705837076,0.0,0.0
0.04944445771493982,0.23942439705857946,0.0,0.07136886884275175,0.0,0.0,0.0,0.0,0.0,0.17589330953204904
0.1587837275944504,0.0,0.22251355698804012,0.1145954021215555,0.11125677849402006,0.05857489694221247,0.0,0.0,0.0,0.0
0.10019037243083477,0.0,0.0,0.0,0.0,0.14783985307933142,0.0,0.0,0.12168813012798482,0.0
0.1491860092071245,0.0,0.10453183731242746,0.10766865707842238,0.0,0.055034324026240436,0.14140292806993082,0.0,0.0,0.0663391361439462
0.07598870557960194,0.0,0.0,0.05484161635776663,0.0,0.0,0.14404870170206907,0.06694647229453143,0.0,0.0
0.07839474523974825,0.0,0.0,0.056578073150613174,0.0,0.0,0.07430486666351076,0.0,0.0,0.0
0.08097311894455679,0.0,0.0,0.0,0.056736345057938786,0.059741538621400865,0.07674872579920397,0.0,0.0,0.0
0.11730799752777289,0.0,0.041097756345218325,0.0,0.0,0.04327460987209353,0.0,0.0,0.0,0.10432762777324818
0.06450481030234344,0.10411699664470284,0.13559193061526478,0.04655360336577749,0.0,0.0475913076607831,0.0,0.0,0.0,0.05736722116677182
0.1430281665723391,0.09234451241270743,0.08017372201961431,0.08257959684598752,0.0,0.04221016973833116,0.0,0.0,0.0,0.0
0.0,0.0,0.12021756550735392,0.0,0.12021756550735392,0.06329260657691448,0.0,0.0,0.0,0.0762937842683263
0.12569474486702137,0.10144173177345968,0.0,0.0,0.04403597459070273,0.04636845877285471,0.0,0.05536888469559007,0.0,0.0
0.07108376495373422,0.0,0.09961412056250285,0.051301684074281755,0.0,0.0,0.0,0.06262519231994375,0.1295042162706086,0.0
0.06357454749036599,0.0,0.08909098501653287,0.04588222574646904,0.044545492508266435,0.09380992936271468,0.0,0.056009529965511694,0.05791176053250063,0.0
0.13990342053103402,0.0,0.06535180107091783,0.0,0.0,0.0,0.0,0.0,0.0,0.08294854735094732
0.09634194227195027,0.05183506797532785,0.04500332745435419,0.09270759905594336,0.22501663727177093,0.0473870500903839,0.060877168511980606,0.0,0.0,0.057121006263420177
0.07195055985040104,0.0,0.10082881440146493,0.06923634190011235,0.0,0.07077965636270538,0.0,0.0,0.0,0.0
0.08795220520672722,0.0,0.0,0.0,0.0,0.0,0.0,0.0,0.0,0.07822011388841055
0.12582715530433913,0.0,0.0,0.0,0.05877648446018218,0.0,0.0,0.0,0.2292386615122946,0.0
0.13775148678626878,0.0,0.0,0.1325550357942038,0.0,0.0,0.08704329885930787,0.0,0.08365434942834853,0.08167266876666236
0.12491256247155427,0.0,0.04376194432691943,0.04507516463847642,0.08752388865383887,0.04607991375694781,0.11839583470373051,0.0,0.056893101806582996,0.0
0.1574507445683502,0.0,0.07354852153322593,0.0757555855439309,0.0,0.07744421737489655,0.09949099305438194,0.0,0.0,0.0
0.08005663254964004,0.0,0.0,0.0,0.0,0.11813071961914648,0.0,0.0,0.07292573390248222,0.07119820248778154
0.1215051152143303,0.09806049823097505,0.08513635429833308,0.0,0.0,0.0,0.11516615504424998,0.0,0.0,0.0
0.18457787143322696,0.11917060777714751,0.0,0.10656898270409762,0.1551963012940022,0.05447223067909428,0.0699793542739988,0.1300913051415907,0.0,0.06566158104098616
0.09718361911736154,0.0,0.04539649223587655,0.09351752501009114,0.04539649223587655,0.04780103990512975,0.0,0.0,0.05901811023622058,0.05762003531789784
0.11082165633469664,0.17887686153447746,0.0517671034178051,0.05332054471764504,0.0517671034178051,0.05450908769316503,0.0,0.0,0.0673002795072204,0.0
0.10250580177116711,0.0,0.0,0.04931946848592944,0.09576518916459602,0.1008376507372842,0.2590881113965608,0.060205454358507396,0.0,0.0
0.04020221240617433,0.0,0.05633787175052578,0.0,0.0,0.0,0.15241940123835346,0.0,0.0,0.0
0.0427554308445298,0.0,0.0,0.0,0.17974756875725972,0.0,0.16209946614804224,0.0,0.0,0.0
0.11001540921434112,0.08878775038905144,0.0,0.07939894250804537,0.07708573289796429,0.0,0.0,0.0,0.0,0.0
0.07287345509339566,0.0,0.051061062580213715,0.0,0.0,0.1612969484941524,0.0,0.0,0.0,0.19442957490773827
0.0,0.10826422785484069,0.0,0.0,0.0,0.0,0.0,0.0,0.12219936216613125,0.0
0.04628712598850147,0.0,0.0,0.0,0.06486504128912382,0.0,0.0,0.0,0.0,0.0
0.0,0.0,0.0,0.0,0.0,0.0,0.0,0.0,0.0,0.0
0.13757623953915965,0.14804089600295678,0.0,0.13238639946471412,0.0642647263685287,0.0,0.0,0.08080362152456973,0.0,0.0
0.12271391664100305,0.0,0.0,0.08856355015989861,0.0,0.04526883912802932,0.11631189291937019,0.0,0.11178339815310417,0.05456768544228609
0.11844800800899914,0.09559326501884671,0.04149714832168897,0.12822721805873724,0.0,0.0,0.0,0.0,0.0,0.05267074688202713
0.13499689291960634,0.10894901466476628,0.09458978977555207,0.09742826587869793,0.0,0.0995999931489353,0.0,0.0,0.0,0.0
0.06759139542614287,0.0,0.0,0.0,0.09472004496877585,0.09973714765983425,0.12813026203173883,0.0,0.061570815058801916,0.06011226933631333
0.06515262626036096,0.0,0.0,0.0,0.09130244538239447,0.048069262846157194,0.1852607796191577,0.22959930455907449,0.05934927481198836,0.0
0.0,0.0,0.0,0.0,0.08069035159184804,0.0849643337278084,0.10915193184615568,0.050728237706347094,0.10490220346768456,0.05120859211299924
0.0,0.0,0.0,0.0,0.10326634948881484,0.03624537675087031,0.09312737990798532,0.0,0.044750776235867,0.04369067896097253
0.0,0.0,0.0,0.0,0.07291239808836651,0.038387199967911984,0.09863049236837364,0.0,0.09479040639544527,0.046272462320823465
0.0,0.0,0.0,0.0,0.07291239808836651,0.038387199967911984,0.09863049236837364,0.0,0.09479040639544527,0.046272462320823465
0.06771255602366097,0.05464730409465011,0.09488983488320213,0.04886865741071685,0.047444917441601064,0.049957965477544976,0.0,0.0,0.0,0.1204400465320232
0.14241805435633528,0.11493825048133632,0.09978965834296169,0.15417626027162434,0.0,0.10507528678177115,0.0,0.0,0.0648662128553773,0.0
0.12823679553389203,0.0,0.07188249310754091,0.07403956248473745,0.07188249310754091,0.0,0.0,0.045190932067429315,0.046725734669456453,0.0
0.048158829229070416,0.0,0.033743987984429284,0.0,0.0,0.07106265866626504,0.0,0.04242819642905572,0.0,0.042829956317482716
0.056963044764811684,0.0,0.0,0.0,0.0,0.0,0.0,0.0,0.0,0.0
0.08311687999845511,0.0,0.11647687640538007,0.0,0.11647687640538007,0.06132319418149129,0.0,0.14645286721447054,0.0,0.0
0.047863875162824004,0.0,0.06707463840950738,0.0,0.0,0.07062742756809616,0.0,0.0843366805120855,0.08720097542202768,0.0
0.08655370490460729,0.0,0.060646556925555116,0.062466455278006636,0.0,0.1277177308169263,0.0,0.07625429546651973,0.0,0.0
0.03687278560215225,0.0,0.0,0.053222729525695074,0.1550164139239993,0.054409092149159274,0.13979648300666844,0.0,0.06717681884504703,0.0
0.09057580252109357,0.0,0.0,0.04357948877858897,0.04230984350296282,0.04455089849577822,0.11446724579456354,0.10639704778549901,0.0,0.0
0.2739493219319051,0.0,0.0,0.049427817924604746,0.04798778736730925,0.050529589973271186,0.1298286497166169,0.0,0.1247738926664445,0.0
0.024536966137489156,0.07921006849051485,0.03438518351762532,0.0,0.06877036703525063,0.0,0.0,0.0,0.04470276119114122,0.0
0.05585619316627679,0.0,0.03913738646123617,0.0,0.0,0.0,0.0,0.04920961687348345,0.15264271366112545,0.04967559119830972
0.036415227225789985,0.11755539077202513,0.0,0.0,0.05103093283736118,0.053733923852092476,0.0,0.06416403548331602,0.0,0.12954323153938496
0.1305191697642016,0.0,0.045726166590469644,0.04709832981721424,0.0,0.048148176351217285,0.06185497176310659,0.0,0.0,0.0
0.08654881897321375,0.0,0.06064313344510769,0.0,0.06064313344510769,0.06385526059413892,0.1640670795988068,0.0,0.0,0.07697201521076129
0.04802116499945843,0.0,0.06729505848376703,0.0,0.0,0.0,0.09103177136168641,0.0,0.08748753448419795,0.08541504983264456
0.055156054731087666,0.0,0.07729362519431296,0.11941960993933283,0.03864681259715648,0.0,0.0,0.0,0.0,0.0
0.09153608412883449,0.0,0.04275841103878818,0.0,0.04275841103878818,0.04502322562115881,0.11568082367922736,0.053762532851337266,0.0,0.10854323904105917
0.05955191056459145,0.19224507578201358,0.0,0.0,0.08345381259095737,0.0,0.0,0.1049311289168487,0.0,0.0
0.10469019186554504,0.08449004271238246,0.0,0.0,0.036677226512247765,0.07723986950409742,0.0,0.046116320680670064,0.0,0.04655300405188782
0.19243042281830042,0.1553006480679772,0.0,0.06943923668175304,0.0,0.0,0.0,0.0,0.08764501679787814,0.0
0.13092648391736006,0.0,0.0,0.0,0.0,0.0643979112859979,0.08273067198105284,0.0768979737303383,0.0,0.0
0.0,0.07522680650796097,0.06531208965008978,0.0,0.19593626895026933,0.06877152065912416,0.0,0.0,0.0,0.0
0.16265154699643886,0.0656338282893482,0.11396688697290015,0.058693418135881595,0.056983443486450076,0.12000345056946277,0.0,0.0,0.0,0.0
0.1793419815584403,0.0,0.0,0.0,0.03590330322564471,0.1134150555926898,0.1942693186694877,0.045143223806638266,0.04667640611097624,0.045570692756210895
0.10962781590729796,0.0,0.05120943569370202,0.10549228469801755,0.0,0.10784376318746915,0.0,0.0,0.0,0.0
0.11144969522899452,0.0,0.0,0.04021703871857525,0.07809071019536679,0.0822269953121759,0.05281766474496131,0.09818780142354071,0.0,0.0
0.1775893251869693,0.0,0.04147783595242014,0.04272251411948779,0.0,0.08734964284192684,0.1122162893998836,0.0,0.053923626563049984,0.1052924688573033
0.061535111799827284,0.04966180815635445,0.04311649818805126,0.04441034977656327,0.04311649818805126,0.09080055964446025,0.0,0.054212775778008086,0.05605398385937825,0.0
0.09156493950129112,0.0,0.0,0.0,0.0,0.13511225554564954,0.11571729031733105,0.10755896136086009,0.055605972923626824,0.0
0.09191294667182225,0.0,0.04293445138038192,0.0,0.04293445138038192,0.09041718082863508,0.0,0.0,0.05581731230098216,0.0
0.028903739542717664,0.0,0.0,0.0,0.04050461589069509,0.12795015640016336,0.05479164467542764,0.0,0.05265838323569004,0.0
0.027252188443072273,0.0,0.0,0.039336215878527155,0.0,0.0,0.051660866359308985,0.048018659211356056,0.0,0.04847335615326887
0.10940913015474407,0.05886563593127618,0.05110728302478442,0.0,0.05110728302478442,0.16144295439944642,0.0691341475593104,0.0,0.0,0.0
0.12468178342730754,0.10062422295260152,0.0,0.044991887158544006,0.04368109305394643,0.04599477997820381,0.0,0.0,0.0,0.05544274459390237
0.12035593250842198,0.0,0.0,0.08686177540021085,0.08433114353966545,0.0,0.05703846278121737,0.05301712300334579,0.0,0.10703830251699646
0.02972076619134909,0.0,0.08329913274914338,0.0,0.04164956637457169,0.08771129601634121,0.11268089779394323,0.052368320666209764,0.10829377242687728,0.0
0.06337813739234233,0.0,0.08881574327607417,0.0,0.04440787163803708,0.0,0.0,0.0,0.0,0.0
0.08995574990424844,0.0,0.031515153010270525,0.0,0.06303030602054105,0.0,0.08526273006959473,0.0,0.0,0.0
0.19944613097413905,0.0,0.046582720516453915,0.0,0.0,0.09810019993292661,0.0,0.0,0.060560276777738294,0.0
0.04663819721176927,0.03763927837205313,0.06535701932635056,0.0,0.0,0.0,0.0,0.04108851116346336,0.0,0.0
0.17638427240504687,0.0,0.049435659993872234,0.0,0.049435659993872234,0.05205415307916653,0.06687289972059078,0.0,0.06426926591506363,0.0
0.0,0.0,0.0,0.0,0.04168476665235628,0.0,0.11277613045177434,0.0,0.0,0.0
0.08878927041665839,0.0,0.16590126861735285,0.08543983947325778,0.08295063430867643,0.08734433841589315,0.0,0.052149227411817684,0.05392035197738179,0.052643037414360654
0.1452863639037794,0.0,0.0,0.08388340315000462,0.040719771608660284,0.08575320830868403,0.05508269139663217,0.10239847579104958,0.0,0.0
0.10601546697974806,0.0,0.0,0.051008102881835986,0.0,0.052145100313048365,0.0,0.06226681073910103,0.0,0.0
0.032861964023529096,0.0,0.0,0.09486689949485794,0.0,0.0,0.0,0.0,0.05986968893319013,0.0
0.028111215861484136,0.0,0.07878800589155673,0.0811522977719844,0.15757601178311345,0.0,0.053289289733610086,0.0,0.0,0.0
0.12403791156223994,0.05005229362511785,0.08691103717370659,0.13427863077472196,0.1303665557605599,0.04575725735096928,0.0,0.0,0.11298946063961322,0.0
0.0,0.0,0.0,0.0,0.0,0.0,0.0,0.0,0.0,0.0
0.15376707778281212,0.0,0.0,0.05548742424218578,0.0,0.056724268101564494,0.0,0.0,0.0,0.0
0.0,0.0,0.05189946019912931,0.0,0.05189946019912931,0.05464845510844725,0.0,0.0652560833327318,0.0,0.0
0.20423617253253115,0.0,0.04088698679673675,0.08422786920371989,0.04088698679673675,0.12915802903776422,0.0,0.10281897373864864,0.0,0.0
0.0,0.0,0.0,0.0,0.0,0.0,0.0,0.0,0.05882802454139609,0.05743445254668785
0.12151021027330779,0.0,0.1135198990807393,0.0,0.05675994954036965,0.05976639337891725,0.0,0.0,0.0,0.0
0.19520011935821335,0.0,0.04559102029420228,0.14087738404254407,0.04559102029420228,0.04800587166680818,0.12334431172443217,0.05732413031133302,0.17781302446394046,0.0
0.056688070310686914,0.13725003450133494,0.0,0.04091220373248893,0.03972026716691063,0.08364831652730224,0.0,0.04994250526493482,0.0,0.050415419435975654
0.0,0.0,0.0,0.0,0.0,0.0,0.0,0.0,0.0,0.0
0.0,0.0,0.0,0.0,0.0,0.0,0.0,0.0,0.0,0.0
0.09191593192760603,0.14836119556425725,0.08587169171104664,0.0,0.04293584585552332,0.09042011750319286,0.0,0.0,0.16745737560207696,0.0
0.16729291667091803,0.1350134661435919,0.0,0.060368273715542146,0.0,0.0617139142758332,0.0,0.0,0.0,0.07439080671124944
0.0,0.0,0.04222853136101421,0.0,0.08445706272202842,0.044465279436890125,0.0,0.0,0.0,0.0
0.12017290427451849,0.0,0.11227053212070222,0.11563957674241307,0.11227053212070222,0.0,0.0,0.07058199807636531,0.07297914788824,0.07125035115424196
0.08944039774355629,0.0,0.06266920843165596,0.0,0.06266920843165596,0.0,0.08477426399361127,0.0,0.0,0.0
0.06373876682788045,0.0,0.04466055791663716,0.0,0.04466055791663716,0.04702612483947374,0.0,0.0,0.0,0.056685941968881
0.07297653682487219,0.0,0.05113329001522492,0.15800313501098995,0.0,0.053841702653992386,0.13833865577989152,0.0,0.0,0.0
0.1760421055105425,0.0,0.0,0.0,0.0,0.0,0.0,0.0,0.0,0.0
0.048161002038774804,0.15547302175368066,0.0,0.13903261949629017,0.06749102086283672,0.0,0.0,0.16972044274596523,0.0,0.0
0.054967510474085664,0.08872287317446974,0.0770294063482714,0.07934092569595043,0.0,0.0,0.0,0.09685336495692469,0.0,0.0
0.07445215030671559,0.0,0.0,0.05373267294117084,0.0,0.2197216098858936,0.2117038744535856,0.06559275855219715,0.0,0.06621386766301249
0.10666239088247972,0.0,0.0,0.07697904413507108,0.07473633586915104,0.07869494750127777,0.30329334096166416,0.0,0.0,0.0
0.25162484211304337,0.13538226952487106,0.0,0.12106635191806192,0.058769601786201504,0.06188249227702824,0.0,0.07389429517912728,0.0,0.0
0.04086739214600479,0.06596391976039583,0.0,0.0,0.0572700296749454,0.0,0.0,0.0,0.07445440733670573,0.0
0.061584612098205135,0.0,0.04315118211829679,0.0,0.08630236423659358,0.0,0.0,0.0,0.0,0.054770148864064415
0.10230012836316847,0.0,0.0,0.04922051112947826,0.09557304050098098,0.10063532440137578,0.06464206560816914,0.0,0.062125287242347636,0.0
0.14149710558761078,0.0,0.0660962445476518,0.06807967860645849,0.0,0.06959721043610965,0.08941010465098774,0.08310649138995371,0.08592900585016283,0.08389344104887254
0.07796815281218461,0.12584813235928527,0.10926164334885298,0.056270198209526494,0.05463082167442649,0.0,0.1478010593947869,0.0,0.0,0.0
0.10978510007655849,0.11813583971730701,0.10256581280888041,0.0,0.05128290640444021,0.053999243878855775,0.0,0.06448085589007684,0.0,0.06509143620336899
0.07182704841363675,0.0,0.0,0.0,0.0,0.10598723237529349,0.13615961730309337,0.0,0.0,0.0
0.0634355398182167,0.05119554538220412,0.0888961848814865,0.0,0.13334427732222975,0.09360481111303817,0.0,0.0,0.11557026943083398,0.0
0.03689833542429491,0.0,0.0,0.0,0.10341588507315813,0.0,0.13989335052613194,0.0,0.0,0.0
0.07223324160200434,0.0,0.05061247699981639,0.0,0.05061247699981639,0.0,0.0,0.12727577528181686,0.0,0.0
0.1171971451051444,0.09458375822273962,0.08211784047794518,0.08458205493905857,0.0,0.17293486682687714,0.0,0.0,0.0,0.0
0.1496633674387355,0.08052371212015717,0.06991087551208448,0.07200878005296493,0.06991087551208448,0.0,0.0,0.087902839466476,0.0,0.0
0.12358089221333392,0.0997357505557816,0.0865908122914782,0.08918925290567731,0.0865908122914782,0.09117732824500968,0.0,0.0,0.0,0.0
0.0981307982862867,0.0,0.04583893934968663,0.0,0.0,0.048266922423833056,0.12401504480004129,0.0,0.05959331750996462,0.05818161655619209
0.036659466887830304,0.0,0.0,0.0,0.0,0.0,0.0,0.0,0.0,0.0
0.11868979382592126,0.0,0.05544247428560372,0.11421241422542627,0.0,0.0583791344933658,0.2249954197206339,0.06971091237312893,0.0,0.0
0.12801128552989416,0.0,0.0,0.061591133901171824,0.0,0.0,0.0,0.0,0.07773927570818288,0.07589771671720244
0.12882823326838186,0.0,0.0,0.0,0.0,0.06336585913653381,0.0,0.0,0.07823539544652143,0.0
0.0960708013367741,0.10337837083830043,0.08975334375461998,0.09244668647194115,0.17950668750923995,0.047253685859045505,0.12141167645449455,0.056425940240714324,0.058342313193014944,0.0
0.08717318709027909,0.0,0.0,0.16776944052844314,0.08144082195871834,0.0,0.0,0.05120004181193253,0.0,0.0
0.1504017526889983,0.0,0.07025579063857469,0.1447280909725067,0.07025579063857469,0.0,0.190073661108058,0.0,0.0,0.0
0.07878507803653738,0.0,0.0,0.0,0.11040645170055172,0.0,0.2240245070256701,0.06941009198360892,0.0,0.0
0.0,0.0,0.0,0.0,0.08218450677691268,0.0865376308727646,0.11117311432597315,0.0,0.0,0.0
0.08467636434744218,0.1366758339622306,0.11866227924745579,0.0,0.059331139623727894,0.06247377348087918,0.0,0.0,0.0,0.0
0.07745054120732721,0.0,0.0,0.05589663404838703,0.05426814093541122,0.0,0.14681984410631846,0.0,0.0,0.0
0.12116329834523124,0.1303795140046402,0.16979369926407248,0.05829630490310207,0.0,0.0,0.0,0.07116369319987007,0.0,0.0
0.03757248385467469,0.0,0.05265266884735596,0.05423268443513456,0.0,0.0,0.0,0.06620313453763889,0.0,0.0
0.24082067194694942,0.0,0.0,0.05793402585817701,0.0,0.059225405753899334,0.15217132104208372,0.0,0.07312333649028877,0.0
0.043061050608628436,0.0,0.06034414032047709,0.0,0.12068828064095417,0.0635404304921221,0.16325816808662927,0.07587405021721548,0.0,0.0
0.07992596529113032,0.0,0.0,0.05768316609800188,0.0,0.05896895419777809,0.15151240496406768,0.0,0.0,0.0
0.03791648368245189,0.0,0.0,0.0,0.0,0.0,0.14375347509619976,0.0,0.0,0.0
0.08951507154039383,0.0,0.0,0.06460369569677343,0.12544306191982907,0.0,0.16969008406984779,0.07886327594492719,0.0,0.0
0.0568557953141753,0.0,0.03983778892964867,0.04103325212020333,0.0,0.12584371465070993,0.0,0.05009027192596016,0.0,0.0
0.07784520664957775,0.08376645691539313,0.0,0.0749086227276246,0.10908935121052028,0.07657837531211634,0.04918933178323565,0.045721373375843484,0.0,0.04615431692311216
0.0,0.0,0.06442471011948184,0.0,0.0,0.0,0.0,0.0,0.0,0.0
0.03754217569209429,0.12119339820542412,0.0,0.0,0.0,0.11079367416124143,0.0,0.0,0.0,0.0
0.07651496059911132,0.12350253971179918,0.05361259715854869,0.1656642556074479,0.0,0.056452332988144775,0.0,0.13482021178791093,0.0,0.06804842377928184
0.09628632276706747,0.15541542867083408,0.0,0.06949055827987519,0.06746601963810904,0.0,0.0,0.08482878593997444,0.0,0.08563204430217297
0.1793292916742937,0.1447274022823617,0.0,0.0,0.06282633486302451,0.0,0.0,0.15799010346471468,0.0,0.0
0.030153451404704486,0.0,0.04225591519468343,0.0,0.04225591519468343,0.04449411372917809,0.11432134535135652,0.0,0.0,0.0
0.0,0.0,0.0,0.0,0.0,0.0,0.0,0.0,0.0,0.0
0.1122236455314952,0.0,0.0,0.0,0.0,0.0,0.10636890256112304,0.1977393118901162,0.0,0.0
0.11345832189267922,0.06104423150482746,0.10599748961142474,0.0,0.10599748961142474,0.16741789886868305,0.0716927769781753,0.0,0.0,0.0
0.041549896746580266,0.13413109626629763,0.058226466009042764,0.05997374161594997,0.058226466009042764,0.061310587848312254,0.0,0.0,0.0,0.07390463145136969
0.0,0.0,0.1547597406997001,0.0,0.07737987034985006,0.0,0.0,0.0,0.0,0.0
0.11096113899213336,0.11940133334745157,0.05183225867167272,0.05338765516806755,0.0,0.0,0.0,0.0,0.0,0.0
0.030623687941988883,0.0,0.042914887030916775,0.0,0.0,0.0,0.058052080973425034,0.053959278835644955,0.05579187749585593,0.0
0.056457339722369625,0.09112760153686174,0.03955859857312515,0.08149136748726056,0.0,0.0,0.0,0.14921769099964052,0.05142850507586181,0.0
0.0,0.0,0.0,0.046754012637397806,0.0,0.0,0.06140277463599501,0.0,0.0,0.1152283642720274
0.12622887048816442,0.05093639847741471,0.04422310049088083,0.0,0.0,0.04656549630111175,0.0,0.0,0.0,0.05613069395123272
0.045903977567651355,0.0,0.06432811147100378,0.06625848691220326,0.0,0.0,0.0,0.0,0.08363032884472998,0.0
0.09060604031452821,0.0,0.08464793641189246,0.04359403733949593,0.16929587282378492,0.08913154270351366,0.05725272974942675,0.0,0.0,0.053720197810634175
0.03416079399153593,0.11027764461987473,0.09574330941526528,0.09861640064906746,0.09574330941526528,0.0,0.0,0.06019169904448151,0.0,0.0
0.08001775208369145,0.0,0.05606693742511573,0.17324822793517874,0.0,0.05903667400756435,0.15168640145737522,0.07049608467576686,0.0,0.07116362422487858
0.0,0.0,0.05175602760450577,0.0,0.10351205520901154,0.0,0.14002344236372116,0.13015147507786434,0.0,0.0
0.052299693575071325,0.0,0.0,0.0,0.0,0.0,0.19828480828675626,0.0,0.0,0.0
0.18083617656399562,0.0,0.05068340627717861,0.10440865539775863,0.05068340627717861,0.0,0.13712151697344996,0.0,0.0,0.0
0.11758397585128123,0.04744797466187534,0.12358332828485719,0.0848612335776893,0.0,0.0,0.0,0.0,0.0,0.0
0.0598532198868049,0.19321776050251344,0.16775211233503928,0.0,0.08387605616751964,0.0,0.22692263413675254,0.0,0.0,0.0
0.034613780575244765,0.0,0.04850645310628439,0.0,0.04850645310628439,0.0,0.0656159374585102,0.060989866444353585,0.0,0.0
0.18602573696578314,0.15013175715665322,0.0,0.06712808187435984,0.0,0.0,0.0,0.0,0.0,0.08272080442689171
0.2544421630491338,0.0,0.1069697095644436,0.03672656188770941,0.03565656985481453,0.0,0.0,0.0448329921906237,0.0,0.09051504700734658
0.21734796650189808,0.17541030965708448,0.22843746268814005,0.0,0.0,0.08017908970473805,0.0,0.09574238373128695,0.0,0.0
0.1015853572907822,0.0,0.07117895369734006,0.0,0.07117895369734006,0.0,0.0,0.08949726483066976,0.0925368267217914,0.0
0.08621011806387628,0.0,0.06040581207334769,0.0,0.06040581207334769,0.06360536885574433,0.24513752706988523,0.07595159354867131,0.0,0.0
0.04335176503549333,0.0,0.060751536608304936,0.0,0.060751536608304936,0.06396940562329469,0.2465405387112799,0.15277258454297227,0.0,0.0
0.042309448494086736,0.0,0.059290873323410744,0.06107008995411149,0.0,0.0,0.08020430245280778,0.0,0.0,0.07525564303895756
0.09021430212275322,0.0,0.06321146870855146,0.032554167815221795,0.0,0.0,0.12826169030601178,0.0,0.0,0.040115952577988896
0.031053257163161607,0.1002459152025917,0.13055060764956358,0.08964547049520086,0.0,0.0,0.0,0.0,0.1131489794943295,0.0
0.0382128967237305,0.0,0.0,0.0,0.0,0.0,0.14487727141403595,0.0,0.13923661035279633,0.0679691231552577
0.09301775492402697,0.15013964434480115,0.06517579548217643,0.06713160845542289,0.0,0.13725601460590187,0.0,0.16389831897840595,0.08473236792204292,0.0
0.03707798735169019,0.05984745426881774,0.0,0.053518920796181015,0.10391940001124526,0.21884754271515847,0.0,0.0,0.0,0.06595046449569682
0.07069941361783304,0.057057842476617264,0.09907550502437343,0.0,0.049537752512186714,0.0,0.0,0.12457315331020466,0.1288039843883941,0.0
0.12199493286971994,0.0,0.0,0.0,0.11397274711797907,0.0,0.3083477833549955,0.0,0.0,0.0
0.10718960780472879,0.0,0.15021149374765533,0.0515730270170079,0.0500704979158851,0.0,0.13546332289299176,0.0,0.13018918511271188,0.0
0.18476890207754978,0.11929394454450343,0.0,0.16001891594746886,0.20714256426607497,0.05452860723844848,0.0,0.0,0.0,0.06572953812617799
0.1467504872275237,0.15791297749382996,0.06855020850777561,0.07060728178361958,0.0,0.07218115521700014,0.0,0.0,0.0,0.0
0.0,0.0,0.0,0.0,0.0,0.0,0.0,0.0,0.0,0.0
0.10399243805786923,0.16785384335828804,0.04857703334944605,0.0,0.0971540666988921,0.05115004695835512,0.0,0.0,0.0,0.0
0.1068572801823435,0.17247797536431075,0.04991526076309743,0.15423939439672607,0.0,0.052559157196866775,0.13504333624559728,0.06276123881508827,0.0,0.06335553577857225
0.15838226747553774,0.0,0.0,0.09797628459028222,0.0,0.03338674249524222,0.0,0.0,0.0,0.04024484165079788
0.0,0.0,0.101416402395439,0.05222986667213036,0.0507082011977195,0.0,0.1371885984379279,0.0,0.0,0.0
0.1514133371886724,0.0,0.035364161411775265,0.0,0.035364161411775265,0.0,0.0,0.0,0.0,0.22443190312444036
0.10011406713391444,0.161593777937064,0.0,0.0,0.0,0.07386362889543016,0.0,0.0,0.0,0.0
0.06442233246403457,0.0,0.045139519531406436,0.0,0.09027903906281287,0.047530455948178174,0.12212279813533639,0.0,0.0,0.05729386966989207
0.03704098296169847,0.1195754512155986,0.1557235303265859,0.0,0.10381568688439059,0.0,0.0,0.06526662405138307,0.0,0.0
0.06539204490611582,0.15832361853716598,0.22909489421902882,0.04719392720585724,0.0,0.04824590465591433,0.0,0.057610755298418796,0.0,0.0
0.10419525809772255,0.11212080966681441,0.0,0.0,0.0,0.10249961331939643,0.0,0.0,0.12655234049426903,0.06177722651281369
0.19449623916583533,0.0,0.0,0.07018469422529834,0.06813993261973778,0.1434982959196493,0.0,0.0,0.0,0.08648741633402238
0.09638297220731888,0.07778571510310554,0.06753374008735487,0.06956031090275555,0.0,0.0,0.0,0.0,0.0,0.08571799928426747
0.07619741805189668,0.0,0.0,0.0,0.0,0.0,0.0,0.0,0.0,0.0
0.0,0.0,0.0,0.0,0.0,0.0,0.0,0.3005334073691451,0.0,0.0
0.09934413159571931,0.0,0.0,0.04779826783302394,0.04640571260490643,0.048863716353398194,0.0,0.0,0.0,0.058901000221637405
0.0,0.0,0.06403552046716929,0.06595711575805496,0.06403552046716929,0.0,0.17324501945711468,0.0,0.0,0.0
0.04996882487863362,0.0,0.0,0.07212574823956634,0.0,0.0,0.0,0.08804562532844931,0.0,0.0
0.14012934156349277,0.0,0.0,0.06742159493199226,0.06545733348974603,0.0,0.35418333235398447,0.16460630582885882,0.0,0.0
0.09141440453960631,0.07377584094981766,0.0,0.0,0.06405235795321627,0.0,0.17329057246545349,0.0,0.0,0.0
0.1275619704487485,0.0,0.0,0.0,0.08938027910974154,0.047057273348973486,0.0,0.0,0.05809981020156937,0.056723488813490174
0.16256383415167233,0.05247874723012648,0.04556217129136941,0.0938588266052716,0.04556217129136941,0.09595098919743897,0.061633131067690826,0.0,0.0,0.0
0.09200455543113491,0.0,0.0,0.06640037481406466,0.0,0.0,0.0,0.0810565251001532,0.0,0.0
0.18218649459339487,0.07351665153878276,0.0,0.0,0.06382732909933193,0.13441623152124604,0.0,0.0,0.0,0.0
0.07231177781123134,0.0,0.05066750584796162,0.0,0.05066750584796162,0.053351246971847524,0.06853924956363842,0.12741415695617306,0.0,0.0
0.05403220031231684,0.04360659609922941,0.03785934889402395,0.0,0.03785934889402395,0.0,0.051213323386210416,0.0952053380467661,0.0,0.0
0.0421259497451346,0.0,0.0,0.060805225118859864,0.0,0.0,0.07985645133007982,0.07422639209294585,0.15349463017186762,0.0
0.036320632278641386,0.05862501000102015,0.05089837102840245,0.05242574317074453,0.0,0.05359434054933402,0.0,0.0,0.0,0.0
0.028568394425446716,0.04611214904124324,0.040034675828240364,0.041236047254324476,0.040034675828240364,0.0,0.054155944561883725,0.10067565758960959,0.0,0.05081448635233434
0.09174003150399523,0.07403863764203175,0.06428051865707146,0.06620946592018376,0.0,0.06768530972577645,0.08695392513571656,0.0,0.0,0.0
0.11407086200225847,0.09206069671920289,0.0,0.08232579307426556,0.07992731256959586,0.0,0.0,0.0,0.1039102078549877,0.0
0.2219040365776444,0.0,0.06219359784147247,0.0,0.0,0.0,0.0,0.0,0.08085533556917383,0.0
0.0,0.0707809351064026,0.0,0.06329624720249645,0.12290434736711399,0.0,0.0,0.0,0.0,0.0
0.09438867335623742,0.1523524391602202,0.0,0.0,0.08818182973812783,0.04642630911126184,0.0,0.05543796416904327,0.11464156572440015,0.05596291578550938
0.0,0.07508752975836126,0.0,0.0,0.0,0.06864419538363982,0.0,0.0,0.0,0.0
0.16809899175199292,0.135664007677768,0.058891904648399364,0.12131829783747274,0.0,0.06201127324023691,0.0,0.07404807338292349,0.0,0.07474924732394407
0.0,0.0,0.0,0.0,0.0,0.0,0.0,0.0,0.0,0.0
0.05435758035206667,0.08773838702266026,0.0,0.07846054344699183,0.0,0.0,0.0,0.0,0.0,0.0
0.13856991116898876,0.11183261301455395,0.09709333661847507,0.050003469917636226,0.04854666830923753,0.05111807355188164,0.06567033760679714,0.06104043125996215,0.0,0.06161843360077679
0.16039960779917192,0.0,0.05619449771647721,0.05788079746695759,0.0,0.0,0.0,0.0,0.07305615252535073,0.07132553163515203
0.0885080863859245,0.0,0.04134397023822215,0.042584631326578845,0.0826879404764443,0.04353386514810739,0.0,0.15595223284518883,0.05374959326029309,0.10495264757155875
0.035011779704199476,0.0,0.0490641941494223,0.0,0.0,0.0,0.0,0.06169114533722544,0.0,0.0
0.07699953163086799,0.0,0.0,0.0,0.05395212698796841,0.05680984693086848,0.0,0.0678370156683067,0.0,0.0
0.06901423177707863,0.0,0.04835697721726594,0.049808086523854704,0.0,0.0,0.0,0.0,0.0,0.0
0.11599787503683698,0.09361588933751387,0.12191630166643205,0.04185826638685384,0.0,0.042791309151982905,0.05497311466159714,0.0,0.05283278785767384,0.0
0.17810786310849966,0.0,0.0,0.0,0.0,0.0,0.0,0.0,0.0,0.07919993196317655
0.07810785427268482,0.0,0.054728707866428854,0.05637102179696536,0.10945741573285771,0.0,0.0,0.06881345408067135,0.0,0.0
0.12439748129269933,0.0,0.0,0.0,0.058108653957894926,0.06118653556407491,0.0,0.0,0.07554466823441384,0.0
0.10747851832510211,0.0,0.10041090807241546,0.0,0.0,0.10572944267897948,0.13582844018290488,0.06312611498798153,0.0,0.0
0.18547444420273126,0.0,0.10396677023564711,0.10708663331532398,0.051983385117823556,0.0,0.0,0.0,0.0,0.0
0.03656504915334474,0.0,0.05124088766409355,0.0,0.1024817753281871,0.0,0.0,0.0,0.0,0.0
0.04468873825794297,0.0,0.0,0.12900878467984533,0.12525024141617327,0.0,0.16942925077245383,0.0,0.0,0.0
0.0,0.0,0.0,0.1280942844271187,0.0,0.0,0.1682282233150198,0.07818387780134677,0.0,0.07892421438564587
0.0,0.0,0.09221783923576742,0.0,0.0,0.14565360877563768,0.18711819513770367,0.057975313990208506,0.05994430773950194,0.0
0.13344882970843533,0.05384982643103715,0.1402576363972121,0.0,0.04675254546573736,0.0,0.06324338109373186,0.0,0.12156211840262793,0.0
0.07818426001326725,0.0,0.0,0.05642616439059941,0.05478224393517113,0.11536786652287497,0.14821072503531832,0.0,0.0,0.06953301180049437
0.07232607666460755,0.0,0.05067752478621743,0.05219826971453991,0.0,0.053361796590194355,0.13710560488265144,0.0637196758474468,0.0,0.0
0.0,0.0925634703928631,0.0,0.0,0.0,0.0,0.0,0.10104591137406031,0.0,0.0
0.08057730204912318,0.0,0.05645900358645046,0.11630648140183902,0.05645900358645046,0.0,0.1527471175920045,0.14197810261549595,0.0,0.0
0.0,0.0,0.0,0.05959611931646861,0.0,0.0,0.1565370276108417,0.0,0.0,0.0
0.0694595061803477,0.0,0.09733794527293936,0.05012944438633908,0.0,0.20498742423089641,0.13167156368606145,0.0,0.0,0.0
0.04652491685236431,0.07509571129824269,0.0651982724818851,0.0,0.1303965449637702,0.06865167485758134,0.08819539454267014,0.0,0.0,0.16550735874271932
0.04681155574864456,0.07555837417349756,0.06559995747409883,0.0,0.0,0.0,0.08873876425204401,0.0,0.0,0.0
0.04148746089310219,0.1339295412654654,0.0,0.0,0.0,0.0,0.0,0.0,0.0755840818436626,0.07379357705407981
0.14200481518811536,0.15280632867711902,0.0,0.06832395714688676,0.06633340627456334,0.0,0.0,0.0,0.0,0.0
0.0,0.05573769369928521,0.09678319250177703,0.0,0.0,0.05095478768365207,0.06546056761062989,0.0,0.12582384326974735,0.12284321310896587
0.1447342525211354,0.0,0.10141257493569715,0.05222789551453368,0.10141257493569715,0.0,0.13718342093384417,0.06375584076982158,0.0,0.0
0.0,0.0,0.14997422775280989,0.0,0.07498711387640494,0.0,0.0,0.0,0.0,0.09517828222267385
0.04541146597236837,0.0,0.0,0.06554758831867567,0.06363792420443341,0.0,0.08608467094961691,0.0,0.08273304479973288,0.0
0.04409059684034496,0.0,0.0,0.06364102608301918,0.0,0.13011923602852152,0.0835807530037191,0.0,0.0,0.0
0.107314707892471,0.11547753859179241,0.0,0.0,0.20051573908778642,0.05278414902598472,0.0,0.0,0.06517056390663067,0.0
0.03994267373985064,0.12894266980276367,0.055974164003551104,0.05765385192012909,0.0,0.0,0.0,0.0,0.0,0.0
0.20957388602128008,0.08456812556079339,0.07342224473641686,0.07562551939870511,0.1468444894728337,0.07731125198691022,0.09932017515549889,0.09231787965833654,0.0,0.0
0.07558674762710292,0.12200431428583189,0.0,0.054551520301322924,0.052962215746129804,0.0,0.0,0.0,0.06885399583339046,0.0
0.038021144655931774,0.12273960258202928,0.05328140525681854,0.0,0.05328140525681854,0.0,0.0,0.0669936798607076,0.13853792194554312,0.0
0.058798954230588237,0.14236079041958943,0.041199323920779525,0.0,0.20599661960389762,0.0,0.0,0.0,0.0,0.0
0.033954652547232025,0.0,0.04758277582369644,0.0,0.0,0.10020625180144775,0.12873291047312108,0.0,0.06186040750278388,0.0
0.0,0.0,0.0,0.0,0.0,0.0,0.0,0.0,0.0,0.0
0.038509816405526566,0.12431712942613421,0.0,0.11117128848089422,0.05396621150774388,0.0,0.0,0.13570944983972089,0.0,0.0
0.08351932695822438,0.20221239572488225,0.11704085047170255,0.0,0.0,0.06162011741852979,0.15832419467600917,0.1471619832347188,0.07607999511712246,0.0
0.14708392578000215,0.11870383414157454,0.0,0.053075783884561835,0.15458842034807344,0.0,0.0,0.0,0.0,0.1962131830343177
0.03607980413670054,0.0582362901097612,0.0,0.0,0.0,0.05323897709216669,0.0,0.0,0.13146424534383097,0.0
0.11865823181184115,0.1276839010456559,0.11085546202316263,0.0,0.0,0.0,0.0,0.0,0.0,0.07035230391554921
0.04836779405684254,0.0,0.13556162287286141,0.0,0.0,0.0,0.27506658594608946,0.17044918241866827,0.0,0.0
0.0,0.13200963056289128,0.0,0.05902517532904964,0.05730553526213007,0.0,0.0,0.0,0.0,0.1454714583919093
0.0,0.0,0.0,0.0,0.0,0.0,0.0,0.0,0.0,0.0
0.053829758927112795,0.13032964836257538,0.0377175020140389,0.0,0.0754350040280778,0.07943062250391396,0.0,0.0,0.0,0.0
0.15863651774867008,0.10242186719873557,0.13338435758080788,0.04579566387055267,0.04446145252693596,0.1404494198871483,0.12028832048097043,0.05590386181397521,0.0,0.0
0.07644687289361624,0.12339263957611397,0.0,0.0,0.10712977876182361,0.0,0.21737584629546344,0.0,0.0,0.0
0.10672137015504156,0.17225860344785598,0.07477766153874303,0.1540432198331613,0.0,0.0,0.0,0.0,0.0,0.0
0.20768703325838786,0.16761346978278202,0.0,0.1498892830659913,0.07276120357347067,0.0,0.0,0.0,0.0,0.0
0.10591384633328467,0.0,0.0,0.0,0.07421184474928386,0.0,0.0,0.0,0.0,0.0
0.1265912017651703,0.0,0.11826677294499292,0.12181575438999985,0.0,0.0,0.0,0.0,0.07687688078059815,0.0
0.2215440100379977,0.1787967195133525,0.05174391025430649,0.15988996670218997,0.05174391025430649,0.10896933208239536,0.0,0.06506050171930435,0.0,0.06567657079863601
0.03165127208756019,0.10217642294566547,0.04435490488916725,0.09137183784466073,0.04435490488916725,0.0,0.0,0.0,0.0576639854168549,0.056297988244475836
0.07136912796913564,0.11519666862779546,0.10001401758313444,0.10301526538760637,0.05000700879156722,0.052655764907156684,0.13529155612202584,0.0,0.0,0.0
0.16993833052198876,0.0,0.0,0.0,0.0,0.0,0.0,0.0,0.12384110674447144,0.06045372272903329
0.07117586757966997,0.05744236384264731,0.09974318972604614,0.0,0.0,0.0525131784146053,0.0,0.0,0.06483600688768493,0.0
0.07314250054809837,0.05902953166172531,0.15374873304579612,0.0,0.05124957768193204,0.05396414981065504,0.0,0.0,0.0,0.0
0.0,0.13830047332054507,0.0,0.0,0.24014558988903492,0.0,0.0,0.0,0.0,0.0
0.0,0.0,0.0,0.0,0.0,0.0,0.0,0.0,0.0,0.0
0.0,0.0,0.0,0.0,0.0,0.0,0.0,0.0,0.0,0.0
0.08467573403542439,0.0,0.0,0.061111109675614415,0.05933069797592426,0.12494661688001654,0.0,0.0,0.0,0.0
0.1282965173727448,0.06902765858967184,0.05992997490418973,0.06172836986871306,0.0,0.0,0.0,0.0,0.0,0.0
0.10509896904054944,0.05654663042785547,0.09818783402758843,0.050567140609957636,0.0,0.0,0.0,0.0,0.0,0.06231303549909946
0.15510674176621073,0.10014290739775514,0.0,0.044776677594724555,0.0,0.04577477328005843,0.0,0.05465996090415869,0.11303271313102031,0.05517754547391522
0.24859211672595508,0.24075101805654517,0.06967353263447587,0.287057259703281,0.06967353263447587,0.0,0.0,0.0,0.0,0.0
0.07856860191171344,0.126817315224686,0.0,0.056703546809263206,0.0,0.0,0.1489393063561685,0.0,0.07157024688180483,0.0
